iso3,country_name,Year,Total,GDP,Population,GDP_per_capita
AFG,Afghanistan,2008,1,,19542982.0,
AFG,Afghanistan,2012,1,,28189672.0,
ALB,Albania,2024,2,,,
ARE,United Arab Emirates,2004,1,,3275333.0,
ARE,United Arab Emirates,2016,1,,8916899.0,
ARG,Argentina,1924,6,,,
ARG,Argentina,1928,7,,,
ARG,Argentina,1932,4,,,
ARG,Argentina,1936,7,,,
ARG,Argentina,1948,7,,,
ARG,Argentina,1952,5,,,
ARG,Argentina,1956,2,,,
ARG,Argentina,1960,2,,,
ARG,Argentina,1964,1,,,
ARG,Argentina,1968,2,,,
ARG,Argentina,1972,1,,,
ARG,Argentina,1988,2,,28024803.0,
ARG,Argentina,1992,1,,32637657.0,
ARG,Argentina,1996,3,,32637657.0,
ARG,Argentina,2000,4,,37070774.0,
ARG,Argentina,2004,6,,37070774.0,
ARG,Argentina,2008,6,,37070774.0,
ARG,Argentina,2012,4,,41100123.0,
ARG,Argentina,2016,4,,43257065.0,
ARG,Argentina,2020,3,,45036032.0,
ARG,Argentina,2024,3,,,
ARM,Armenia,1996,2,,3556539.0,
ARM,Armenia,2000,1,,3168523.0,
ARM,Armenia,2008,5,,3168523.0,
ARM,Armenia,2012,2,,2946293.0,
ARM,Armenia,2016,4,,2878595.0,
ARM,Armenia,2020,4,,2805608.0,
ARM,Armenia,2024,4,,,
AUS,Australia,1896,2,,,
AUS,Australia,1900,5,,,
AUS,Australia,1904,4,,,
AUS,Australia,1920,3,,,
AUS,Australia,1924,6,,,
AUS,Australia,1928,4,,,
AUS,Australia,1932,5,,,
AUS,Australia,1936,1,,,
AUS,Australia,1948,13,,,
AUS,Australia,1952,11,,,
AUS,Australia,1956,35,,,
AUS,Australia,1960,22,18606786874.0,,
AUS,Australia,1964,18,23801097547.0,,
AUS,Australia,1968,17,32716989584.0,,
AUS,Australia,1972,17,52051401869.0,,
AUS,Australia,1976,5,105000000000.0,,
AUS,Australia,1980,9,150000000000.0,14706322.0,10199.69506991619
AUS,Australia,1984,24,194000000000.0,14706322.0,13191.605623758272
AUS,Australia,1988,14,236000000000.0,14706322.0,16047.520243334806
AUS,Australia,1992,27,325000000000.0,17048003.0,19063.81644817871
AUS,Australia,1996,41,401000000000.0,17048003.0,23521.81660221435
AUS,Australia,2000,58,416000000000.0,19017963.0,21874.05664844337
AUS,Australia,2004,50,614000000000.0,19017963.0,32285.266303231318
AUS,Australia,2008,46,1060000000000.0,19017963.0,55736.77895997589
AUS,Australia,2012,35,1550000000000.0,22019168.0,70393.21376720502
AUS,Australia,2016,29,1210000000000.0,23820236.0,50797.14575455927
AUS,Australia,2020,45,1330000000000.0,25670051.0,51811.35012158722
AUS,Australia,2024,53,,,
AUT,Austria,1896,5,,,
AUT,Austria,1900,6,,,
AUT,Austria,1904,3,,,
AUT,Austria,1908,1,,,
AUT,Austria,1912,4,,,
AUT,Austria,1924,4,,,
AUT,Austria,1928,3,,,
AUT,Austria,1932,5,,,
AUT,Austria,1936,9,,,
AUT,Austria,1948,4,,,
AUT,Austria,1952,2,,,
AUT,Austria,1956,2,,,
AUT,Austria,1960,2,6592693841.0,,
AUT,Austria,1968,4,12440625313.0,,
AUT,Austria,1972,3,22059612477.0,,
AUT,Austria,1976,1,42959976222.0,,
AUT,Austria,1980,4,82058912997.0,7547561.0,10872.242436596405
AUT,Austria,1984,3,67985344887.0,7547561.0,9007.591311550845
AUT,Austria,1988,1,133000000000.0,7547561.0,17621.586629111047
AUT,Austria,1992,2,195000000000.0,7678729.0,25394.827711721562
AUT,Austria,1996,3,237000000000.0,7678729.0,30864.48291116928
AUT,Austria,2000,3,197000000000.0,8010428.0,24592.943098670883
AUT,Austria,2004,7,301000000000.0,8010428.0,37576.019658375306
AUT,Austria,2008,3,430000000000.0,8010428.0,53680.0280833933
AUT,Austria,2016,1,396000000000.0,8642421.0,45820.49404906334
AUT,Austria,2020,7,433000000000.0,8907777.0,48609.20968273005
AUT,Austria,2024,5,,,
AZE,Azerbaijan,1996,1,,7427836.0,
AZE,Azerbaijan,2000,3,,8190337.0,
AZE,Azerbaijan,2004,5,,8190337.0,
AZE,Azerbaijan,2008,6,,8190337.0,
AZE,Azerbaijan,2012,10,,9237202.0,
AZE,Azerbaijan,2016,18,,9863480.0,
AZE,Azerbaijan,2020,7,,10284951.0,
AZE,Azerbaijan,2024,7,,,
BEL,Belgium,1900,16,,,
BEL,Belgium,1908,8,,,
BEL,Belgium,1912,6,,,
BEL,Belgium,1920,36,,,
BEL,Belgium,1924,13,,,
BEL,Belgium,1928,3,,,
BEL,Belgium,1936,2,,,
BEL,Belgium,1948,7,,,
BEL,Belgium,1952,4,,,
BEL,Belgium,1956,2,,,
BEL,Belgium,1960,4,11658722591.0,,
BEL,Belgium,1964,3,15960106681.0,,
BEL,Belgium,1968,2,21376353113.0,,
BEL,Belgium,1972,2,37209418019.0,,
BEL,Belgium,1976,6,71113882968.0,,
BEL,Belgium,1980,1,127000000000.0,9828986.0,12920.96661853013
BEL,Belgium,1984,4,83349530159.0,9828986.0,8479.972416178027
BEL,Belgium,1988,2,162000000000.0,9828986.0,16481.862930723473
BEL,Belgium,1992,3,235000000000.0,9959560.0,23595.419877986576
BEL,Belgium,1996,6,279000000000.0,9959560.0,28013.285727481936
BEL,Belgium,2000,5,236000000000.0,10264343.0,22992.21684232493
BEL,Belgium,2004,3,369000000000.0,10264343.0,35949.694978041945
BEL,Belgium,2008,2,515000000000.0,10264343.0,50173.69353303957
BEL,Belgium,2012,3,496000000000.0,10877947.0,45596.839182981865
BEL,Belgium,2016,6,476000000000.0,11248303.0,42317.49447005473
BEL,Belgium,2020,7,522000000000.0,11561717.0,45149.00338764562
BEL,Belgium,2024,10,,,
BGR,Bulgaria,1952,1,,,
BGR,Bulgaria,1956,5,,,
BGR,Bulgaria,1960,7,,,
BGR,Bulgaria,1964,10,,,
BGR,Bulgaria,1968,9,,,
BGR,Bulgaria,1972,21,,,
BGR,Bulgaria,1976,22,,,
BGR,Bulgaria,1980,41,,8980606.0,
BGR,Bulgaria,1988,35,,8980606.0,
BGR,Bulgaria,1992,16,,8767778.0,
BGR,Bulgaria,1996,15,,8767778.0,
BGR,Bulgaria,2000,13,,8097691.0,
BGR,Bulgaria,2004,12,,8097691.0,
BGR,Bulgaria,2008,5,,8097691.0,
BGR,Bulgaria,2012,3,,7592273.0,
BGR,Bulgaria,2016,3,,7309253.0,
BGR,Bulgaria,2020,6,,6979175.0,
BGR,Bulgaria,2024,7,,,
BLR,Belarus,1996,15,,10428525.0,
BLR,Belarus,2000,17,,10256483.0,
BLR,Belarus,2004,13,,10256483.0,
BLR,Belarus,2008,14,,10256483.0,
BLR,Belarus,2012,10,,9731427.0,
BLR,Belarus,2016,9,,9700609.0,
BLR,Belarus,2020,7,,9633740.0,
BRA,Brazil,1920,3,,,
BRA,Brazil,1948,1,,,
BRA,Brazil,1952,3,,,
BRA,Brazil,1956,1,,,
BRA,Brazil,1960,2,,,
BRA,Brazil,1964,1,,,
BRA,Brazil,1968,3,,,
BRA,Brazil,1972,2,,,
BRA,Brazil,1976,2,,,
BRA,Brazil,1980,4,,122288383.0,
BRA,Brazil,1984,8,,122288383.0,
BRA,Brazil,1988,6,,122288383.0,
BRA,Brazil,1992,3,,150706446.0,
BRA,Brazil,1996,15,,150706446.0,
BRA,Brazil,2000,12,,175873720.0,
BRA,Brazil,2004,10,,175873720.0,
BRA,Brazil,2008,17,,175873720.0,
BRA,Brazil,2012,17,,196353492.0,
BRA,Brazil,2016,19,,205188205.0,
BRA,Brazil,2020,20,,213196304.0,
BRA,Brazil,2024,20,,,
BWA,Botswana,2012,1,14380004175.0,2091664.0,6874.911159249286
BWA,Botswana,2020,1,15061922802.0,2546402.0,5914.982317010433
BWA,Botswana,2024,2,,,
CAN,Canada,1900,2,,,
CAN,Canada,1904,6,,,
CAN,Canada,1908,16,,,
CAN,Canada,1912,8,,,
CAN,Canada,1920,8,,,
CAN,Canada,1924,4,,,
CAN,Canada,1928,15,,,
CAN,Canada,1932,15,,,
CAN,Canada,1936,8,,,
CAN,Canada,1948,3,,,
CAN,Canada,1952,2,,,
CAN,Canada,1956,5,,,
CAN,Canada,1960,1,40461721693.0,,
CAN,Canada,1964,4,49377522897.0,,
CAN,Canada,1968,5,71829810520.0,,
CAN,Canada,1972,5,113000000000.0,,
CAN,Canada,1976,11,207000000000.0,,
CAN,Canada,1984,44,355000000000.0,24511510.0,14482.99186790206
CAN,Canada,1988,10,507000000000.0,24511510.0,20684.160216975615
CAN,Canada,1992,18,592000000000.0,27657204.0,21404.911356910845
CAN,Canada,1996,22,629000000000.0,27657204.0,22742.71831671777
CAN,Canada,2000,14,745000000000.0,30683313.0,24280.298545336354
CAN,Canada,2004,12,1030000000000.0,30683313.0,33568.73490160597
CAN,Canada,2008,20,1550000000000.0,30683313.0,50516.05737620315
CAN,Canada,2012,18,1830000000000.0,33963412.0,53881.51225795571
CAN,Canada,2016,22,1530000000000.0,35732126.0,42818.610904931884
CAN,Canada,2020,24,1650000000000.0,37888705.0,43548.598454341474
CAN,Canada,2024,27,,,
CHE,Switzerland,1896,3,,,
CHE,Switzerland,1900,9,,,
CHE,Switzerland,1904,3,,,
CHE,Switzerland,1920,11,,,
CHE,Switzerland,1924,25,,,
CHE,Switzerland,1928,15,,,
CHE,Switzerland,1932,1,,,
CHE,Switzerland,1936,15,,,
CHE,Switzerland,1948,20,,,
CHE,Switzerland,1952,14,,,
CHE,Switzerland,1960,6,,,
CHE,Switzerland,1964,4,,,
CHE,Switzerland,1968,5,,,
CHE,Switzerland,1972,3,,,
CHE,Switzerland,1976,4,,,
CHE,Switzerland,1980,2,,6319113.0,
CHE,Switzerland,1984,8,,6319113.0,
CHE,Switzerland,1988,4,,6319113.0,
CHE,Switzerland,1992,1,,6711693.0,
CHE,Switzerland,1996,7,,6711693.0,
CHE,Switzerland,2000,9,,7182059.0,
CHE,Switzerland,2004,5,,7182059.0,
CHE,Switzerland,2008,6,,7182059.0,
CHE,Switzerland,2012,4,,7822435.0,
CHE,Switzerland,2016,7,,8281732.0,
CHE,Switzerland,2020,13,,8638613.0,
CHE,Switzerland,2024,8,,,
CHL,Chile,1928,1,,,
CHL,Chile,1952,2,,,
CHL,Chile,1956,4,,,
CHL,Chile,1988,1,26040229793.0,11469828.0,2270.324349502015
CHL,Chile,2000,1,77860932152.0,15351799.0,5071.779024204265
CHL,Chile,2004,3,99210392858.0,15351799.0,6462.460383828631
CHL,Chile,2008,1,180000000000.0,15351799.0,11725.01020890125
CHL,Chile,2024,2,,,
CHN,People's Republic of China,1984,32,260000000000.0,982372466.0,264.6653983072852
CHN,People's Republic of China,1988,28,312000000000.0,982372466.0,317.59847796874226
CHN,People's Republic of China,1992,54,427000000000.0,1153704252.0,370.1121836551921
CHN,People's Republic of China,1996,50,864000000000.0,1153704252.0,748.8920999486791
CHN,People's Republic of China,2000,58,1210000000000.0,1264099069.0,957.2034579198001
CHN,People's Republic of China,2004,63,1960000000000.0,1264099069.0,1550.511386382486
CHN,People's Republic of China,2008,100,4590000000000.0,1264099069.0,3631.0445221916384
CHN,People's Republic of China,2012,91,8530000000000.0,1348191368.0,6326.994967082447
CHN,People's Republic of China,2016,70,11200000000000.0,1393715448.0,8036.073659133324
CHN,People's Republic of China,2020,88,14700000000000.0,1424929781.0,10316.297824643472
CHN,People's Republic of China,2024,91,,,
CIV,Ivory Coast,1984,1,6841638715.0,8303809.0,823.915713258819
CIV,Côte d'Ivoire,1984,1,6841638715.0,8303809.0,823.915713258819
CIV,Ivory Coast,2016,2,47964234560.0,23596741.0,2032.663517389965
CIV,Côte d'Ivoire,2016,2,47964234560.0,23596741.0,2032.663517389965
CIV,Ivory Coast,2020,1,61348579465.0,26811790.0,2288.1194976165334
CIV,Côte d'Ivoire,2020,1,61348579465.0,26811790.0,2288.1194976165334
CIV,Ivory Coast,2024,1,,,
CIV,Côte d'Ivoire,2024,1,,,
CRI,Costa Rica,1988,1,4614629898.0,2414303.0,1911.3714798846706
CRI,Costa Rica,1996,1,11678424507.0,3158253.0,3697.748251010923
CRI,Costa Rica,2000,2,15013629659.0,3979193.0,3773.0337932842162
CUB,Cuba,1900,2,,,
CUB,Cuba,1904,3,,,
CUB,Cuba,1948,1,,,
CUB,Cuba,1964,1,,,
CUB,Cuba,1968,4,,,
CUB,Cuba,1972,8,,,
CUB,Cuba,1976,13,,,
CUB,Cuba,1980,20,,9809107.0,
CUB,Cuba,1992,31,,10626680.0,
CUB,Cuba,1996,25,,10626680.0,
CUB,Cuba,2000,29,,11105791.0,
CUB,Cuba,2004,27,,11105791.0,
CUB,Cuba,2008,30,,11105791.0,
CUB,Cuba,2012,15,,11290417.0,
CUB,Cuba,2016,11,,11339894.0,
CUB,Cuba,2020,15,,11300698.0,
CUB,Cuba,2024,9,,,
CZE,Czech Republic,1996,11,,10301192.0,
CZE,Czechia,1996,11,,10301192.0,
CZE,Czech Republic,2000,8,,10234710.0,
CZE,Czechia,2000,8,,10234710.0,
CZE,Czech Republic,2004,9,,10234710.0,
CZE,Czechia,2004,9,,10234710.0,
CZE,Czech Republic,2008,7,,10234710.0,
CZE,Czechia,2008,7,,10234710.0,
CZE,Czech Republic,2012,11,,10464749.0,
CZE,Czechia,2012,11,,10464749.0,
CZE,Czech Republic,2016,10,,10523798.0,
CZE,Czechia,2016,10,,10523798.0,
CZE,Czech Republic,2020,11,,10530953.0,
CZE,Czechia,2020,11,,10530953.0,
CZE,Czech Republic,2024,5,,,
CZE,Czechia,2024,5,,,
DEU,Germany,1896,13,,,
DEU,Germany,1900,9,,,
DEU,Germany,1904,15,,,
DEU,Germany,1908,13,,,
DEU,Germany,1912,25,,,
DEU,Germany,1928,30,,,
DEU,Germany,1932,20,,,
DEU,Germany,1936,84,,,
DEU,Germany,1952,22,,,
DEU,Germany,1956,20,,,
DEU,Germany,1960,42,,,
DEU,Germany,1964,50,,,
DEU,Germany,1992,82,,79370196.0,
DEU,Germany,1996,65,,79370196.0,
DEU,Germany,2000,56,,81551677.0,
DEU,Germany,2004,49,,81551677.0,
DEU,Germany,2008,41,,81551677.0,
DEU,Germany,2012,44,,81325090.0,
DEU,Germany,2016,42,,82073226.0,
DEU,Germany,2020,37,,83328988.0,
DEU,Germany,2024,33,,,
DNK,Denmark,1896,6,,,
DNK,Denmark,1900,6,,,
DNK,Denmark,1908,5,,,
DNK,Denmark,1912,13,,,
DNK,Denmark,1920,13,,,
DNK,Denmark,1924,9,,,
DNK,Denmark,1928,6,,,
DNK,Denmark,1932,6,,,
DNK,Denmark,1936,5,,,
DNK,Denmark,1948,20,,,
DNK,Denmark,1952,6,,,
DNK,Denmark,1956,3,,,
DNK,Denmark,1960,6,,,
DNK,Denmark,1964,6,,,
DNK,Denmark,1968,8,,,
DNK,Denmark,1972,1,,,
DNK,Denmark,1976,3,,,
DNK,Denmark,1980,5,,5125392.0,
DNK,Denmark,1984,6,,5125392.0,
DNK,Denmark,1988,4,,5125392.0,
DNK,Denmark,1992,6,,5144623.0,
DNK,Denmark,1996,6,,5144623.0,
DNK,Denmark,2000,6,,5340655.0,
DNK,Denmark,2004,8,,5340655.0,
DNK,Denmark,2008,7,,5340655.0,
DNK,Denmark,2012,9,,5550849.0,
DNK,Denmark,2016,15,,5677796.0,
DNK,Denmark,2020,11,,5825641.0,
DNK,Denmark,2024,9,,,
DOM,Dominican Republic,1984,1,11594000000.0,5755800.0,2014.3159943014002
DOM,Dominican Republic,2004,1,22322395368.0,8540791.0,2613.6215448896946
DOM,Dominican Republic,2008,2,48122547177.0,8540791.0,5634.4368076680485
DOM,Dominican Republic,2012,2,60681537196.0,9775755.0,6207.350449760658
DOM,Dominican Republic,2016,1,75704720190.0,10405832.0,7275.22029857872
DOM,Dominican Republic,2020,5,78844702329.0,10999664.0,7167.919159076132
DOM,Dominican Republic,2024,3,,,
DZA,Algeria,1984,2,53698278906.0,18739378.0,2865.531551047212
DZA,Algeria,1992,2,48003078389.0,25518074.0,1881.1403395491368
DZA,Algeria,1996,3,46941582519.0,25518074.0,1839.542534401303
DZA,Algeria,2000,5,54790392746.0,30774621.0,1780.3758735485321
DZA,Algeria,2008,2,171000000000.0,30774621.0,5556.526593779985
DZA,Algeria,2012,1,209000000000.0,35856344.0,5828.815118462719
DZA,Algeria,2016,2,160000000000.0,39543154.0,4046.2123987378445
DZA,Algeria,2024,3,,,
ECU,Ecuador,1996,1,25226393197.0,10449837.0,2414.046572879558
ECU,Ecuador,2008,1,61762635000.0,12626507.0,4891.50601983589
ECU,Ecuador,2020,3,98808010000.0,17588595.0,5617.731831337295
ECU,Ecuador,2024,5,,,
EGY,Egypt,1928,4,,,
EGY,Egypt,1936,5,,,
EGY,Egypt,1948,5,,,
EGY,Egypt,1952,1,,,
EGY,Egypt,1984,1,,43748556.0,
EGY,Egypt,2004,5,,71371371.0,
EGY,Egypt,2008,2,,71371371.0,
EGY,Egypt,2012,4,,87252413.0,
EGY,Egypt,2016,3,,97723799.0,
EGY,Egypt,2020,6,,107465134.0,
EGY,Egypt,2024,3,,,
ESP,Spain,1900,1,,,
ESP,Spain,1920,2,,,
ESP,Spain,1928,1,,,
ESP,Spain,1932,1,,,
ESP,Spain,1948,1,,,
ESP,Spain,1952,1,,,
ESP,Spain,1960,1,12072126075.0,,
ESP,Spain,1972,1,59132415221.0,,
ESP,Spain,1976,2,119000000000.0,,
ESP,Spain,1980,6,233000000000.0,37491666.0,6214.71449148192
ESP,Spain,1984,5,172000000000.0,37491666.0,4587.686234055323
ESP,Spain,1988,4,376000000000.0,37491666.0,10028.895488400009
ESP,Spain,1992,22,631000000000.0,38889889.0,16225.29701743299
ESP,Spain,1996,17,643000000000.0,38889889.0,16533.86051063298
ESP,Spain,2000,11,597000000000.0,40741651.0,14653.308968750433
ESP,Spain,2004,20,1070000000000.0,40741651.0,26263.04957548235
ESP,Spain,2008,19,1630000000000.0,40741651.0,40008.19701685629
ESP,Spain,2012,18,1320000000000.0,46572772.0,28342.740689774702
ESP,Spain,2016,17,1230000000000.0,46431342.0,26490.72688874683
ESP,Spain,2020,17,1280000000000.0,47363807.0,27024.854653258764
ESP,Spain,2024,18,,,
EST,Estonia,1920,3,,,
EST,Estonia,1924,6,,,
EST,Estonia,1928,5,,,
EST,Estonia,1936,7,,,
EST,Estonia,1992,2,,1570674.0,
EST,Estonia,2000,3,,1396877.0,
EST,Estonia,2004,3,,1396877.0,
EST,Estonia,2008,2,,1396877.0,
EST,Estonia,2012,2,,1331535.0,
EST,Estonia,2016,1,,1314657.0,
EST,Estonia,2020,2,,1329444.0,
ETH,Ethiopia,1960,1,,,
ETH,Ethiopia,1964,1,,,
ETH,Ethiopia,1968,2,,,
ETH,Ethiopia,1972,2,,,
ETH,Ethiopia,1980,4,,34945469.0,
ETH,Ethiopia,1992,3,,47878073.0,
ETH,Ethiopia,1996,3,,47878073.0,
ETH,Ethiopia,2000,8,,67031867.0,
ETH,Ethiopia,2004,7,,67031867.0,
ETH,Ethiopia,2008,7,,67031867.0,
ETH,Ethiopia,2012,7,,89237791.0,
ETH,Ethiopia,2016,8,,102471895.0,
ETH,Ethiopia,2020,4,,117190911.0,
ETH,Ethiopia,2024,4,,,
FIN,Finland,1908,5,,,
FIN,Finland,1912,26,,,
FIN,Finland,1920,33,,,
FIN,Finland,1924,37,,,
FIN,Finland,1928,24,,,
FIN,Finland,1932,25,,,
FIN,Finland,1936,19,,,
FIN,Finland,1948,20,,,
FIN,Finland,1952,20,,,
FIN,Finland,1956,15,,,
FIN,Finland,1960,5,5224102196.0,,
FIN,Finland,1964,5,7766655086.0,,
FIN,Finland,1968,4,8823033880.0,,
FIN,Finland,1972,8,14743186120.0,,
FIN,Finland,1976,6,31849513771.0,,
FIN,Finland,1980,8,53645202423.0,4779418.0,11224.212325224536
FIN,Finland,1984,12,52888800950.0,4779418.0,11065.950069652832
FIN,Finland,1988,4,109000000000.0,4779418.0,22806.124092933493
FIN,Finland,1992,5,113000000000.0,4986545.0,22660.980699061172
FIN,Finland,1996,4,132000000000.0,4986545.0,26471.234090938717
FIN,Finland,2000,4,126000000000.0,5176209.0,24342.139198784284
FIN,Finland,2004,2,197000000000.0,5176209.0,38058.74144571828
FIN,Finland,2008,4,285000000000.0,5176209.0,55059.60056867874
FIN,Finland,2012,3,258000000000.0,5363271.0,48104.9717607035
FIN,Finland,2016,1,241000000000.0,5479461.0,43982.428198685964
FIN,Finland,2020,2,270000000000.0,5529468.0,48829.29062976764
FJI,Fiji,2016,1,4930204230.0,917200.0,5375.277180549499
FJI,Fiji,2020,2,4533883782.0,920422.0,4925.87506817525
FJI,Fiji,2024,1,,,
FRA,France,1896,11,,,
FRA,France,1900,97,,,
FRA,France,1904,1,,,
FRA,France,1908,19,,,
FRA,France,1912,14,,,
FRA,France,1920,41,,,
FRA,France,1924,38,,,
FRA,France,1928,21,,,
FRA,France,1932,19,,,
FRA,France,1936,18,,,
FRA,France,1948,29,,,
FRA,France,1952,17,,,
FRA,France,1956,14,,,
FRA,France,1960,5,62225478001.0,,
FRA,France,1964,15,94007851047.0,,
FRA,France,1968,15,130000000000.0,,
FRA,France,1972,13,203000000000.0,,
FRA,France,1976,9,372000000000.0,,
FRA,France,1980,14,701000000000.0,53713830.0,13050.642637101097
FRA,France,1984,28,531000000000.0,53713830.0,9885.722168759889
FRA,France,1988,16,1020000000000.0,53713830.0,18989.522810047245
FRA,France,1992,29,1400000000000.0,56412897.0,24817.020122189435
FRA,France,1996,37,1610000000000.0,56412897.0,28539.57314051785
FRA,France,2000,38,1360000000000.0,58665453.0,23182.29776560321
FRA,France,2004,33,2120000000000.0,58665453.0,36137.11122285206
FRA,France,2008,41,2920000000000.0,58665453.0,49773.75696732453
FRA,France,2012,35,2680000000000.0,62444567.0,42918.06523376165
FRA,France,2016,42,2470000000000.0,63809769.0,38708.80648384732
FRA,France,2020,33,2630000000000.0,64480053.0,40787.80766510846
FRA,France,2024,64,,,
GBR,Great Britain,1896,7,,,
GBR,Great Britain,1900,32,,,
GBR,Great Britain,1904,2,,,
GBR,Great Britain,1908,146,,,
GBR,Great Britain,1912,39,,,
GBR,Great Britain,1920,41,,,
GBR,Great Britain,1924,34,,,
GBR,Great Britain,1928,20,,,
GBR,Great Britain,1932,16,,,
GBR,Great Britain,1936,13,,,
GBR,Great Britain,1948,23,,,
GBR,Great Britain,1952,11,,,
GBR,Great Britain,1956,21,,,
GBR,Great Britain,1960,20,73233967692.0,,
GBR,Great Britain,1964,18,94407558351.0,,
GBR,Great Britain,1968,13,108000000000.0,,
GBR,Great Britain,1972,18,170000000000.0,,
GBR,Great Britain,1976,13,233000000000.0,,
GBR,Great Britain,1980,21,565000000000.0,56326328.0,10030.833183373858
GBR,Great Britain,1984,37,461000000000.0,56326328.0,8184.449730151058
GBR,Great Britain,1988,24,910000000000.0,56326328.0,16155.855215699487
GBR,Great Britain,1992,20,1180000000000.0,57210442.0,20625.60537462724
GBR,Great Britain,1996,15,1420000000000.0,57210442.0,24820.643755907357
GBR,Great Britain,2000,28,1660000000000.0,58850043.0,28207.28610172808
GBR,Great Britain,2004,30,2420000000000.0,58850043.0,41121.465280832505
GBR,Great Britain,2008,51,2940000000000.0,58850043.0,49957.48261390395
GBR,Great Britain,2012,65,2720000000000.0,62760039.0,43339.67988770689
GBR,Great Britain,2016,67,2720000000000.0,65224364.0,41702.208088989566
GBR,Great Britain,2020,65,2760000000000.0,67059474.0,41157.49550913567
GBR,Great Britain,2024,65,,,
GEO,Georgia,1996,2,,5391636.0,
GEO,Georgia,2000,6,,4265172.0,
GEO,Georgia,2004,4,,4265172.0,
GEO,Georgia,2008,7,,4265172.0,
GEO,Georgia,2012,6,,3836831.0,
GEO,Georgia,2016,7,,3771132.0,
GEO,Georgia,2020,8,,3765912.0,
GEO,Georgia,2024,7,,,
GHA,Ghana,1960,1,1217230038.0,,
GHA,Ghana,1964,1,1731296119.0,,
GHA,Ghana,1972,1,2112292945.0,,
GHA,Ghana,1992,1,6413901602.0,15446982.0,415.22037133208283
GHA,Ghana,2020,1,68532281806.0,32180401.0,2129.627962249445
GRC,Greece,1896,47,,,
GRC,Greece,1904,2,,,
GRC,Greece,1908,4,,,
GRC,Greece,1912,2,,,
GRC,Greece,1920,1,,,
GRC,Greece,1956,1,,,
GRC,Greece,1960,1,4335186017.0,,
GRC,Greece,1968,1,10090675903.0,,
GRC,Greece,1972,2,16885511364.0,,
GRC,Greece,1980,3,56829664269.0,9307148.0,6106.023485282495
GRC,Greece,1984,2,48020024184.0,9307148.0,5159.477874854896
GRC,Greece,1988,1,76261277925.0,9307148.0,8193.839608546034
GRC,Greece,1992,2,116000000000.0,10302255.0,11259.670819640944
GRC,Greece,1996,8,146000000000.0,10302255.0,14171.654652306705
GRC,Greece,2000,13,130000000000.0,11038109.0,11777.379621817468
GRC,Greece,2004,16,241000000000.0,11038109.0,21833.449914292385
GRC,Greece,2008,3,354000000000.0,11038109.0,32070.71066248757
GRC,Greece,2012,2,242000000000.0,11033783.0,21932.640872128806
GRC,Greece,2016,6,193000000000.0,10806641.0,17859.3885000899
GRC,Greece,2020,4,189000000000.0,10512232.0,17979.05525677135
GRC,Greece,2024,8,,,
HKG,"Hong Kong, China",1996,1,160000000000.0,5838574.0,27403.951718347664
HKG,"Hong Kong, China",2004,1,169000000000.0,6731195.0,25106.983232546376
HKG,"Hong Kong, China",2012,1,263000000000.0,7132438.0,36873.787055702414
HKG,"Hong Kong, China",2020,6,347000000000.0,7500958.0,46260.757625892584
HKG,"Hong Kong, China",2024,4,,,
HRV,Croatia,1992,3,,4873707.0,
HRV,Croatia,1996,2,,4873707.0,
HRV,Croatia,2000,2,,4548434.0,
HRV,Croatia,2004,5,,4548434.0,
HRV,Croatia,2008,5,,4548434.0,
HRV,Croatia,2012,6,,4368682.0,
HRV,Croatia,2016,10,,4254815.0,
HRV,Croatia,2020,8,,4096868.0,
HRV,Croatia,2024,7,,,
HUN,Hungary,1896,6,,,
HUN,Hungary,1900,5,,,
HUN,Hungary,1904,4,,,
HUN,Hungary,1908,9,,,
HUN,Hungary,1912,8,,,
HUN,Hungary,1924,9,,,
HUN,Hungary,1928,9,,,
HUN,Hungary,1932,15,,,
HUN,Hungary,1936,16,,,
HUN,Hungary,1948,27,,,
HUN,Hungary,1952,40,,,
HUN,Hungary,1956,26,,,
HUN,Hungary,1960,21,,,
HUN,Hungary,1964,22,,,
HUN,Hungary,1968,32,,,
HUN,Hungary,1972,35,,,
HUN,Hungary,1976,22,,,
HUN,Hungary,1980,32,,10698679.0,
HUN,Hungary,1988,23,,10698679.0,
HUN,Hungary,1992,30,,10375989.0,
HUN,Hungary,1996,21,,10375989.0,
HUN,Hungary,2000,17,,10202055.0,
HUN,Hungary,2004,17,,10202055.0,
HUN,Hungary,2008,10,,10202055.0,
HUN,Hungary,2012,18,,9986825.0,
HUN,Hungary,2016,15,,9844246.0,
HUN,Hungary,2020,20,,9750573.0,
HUN,Hungary,2024,19,,,
IDN,Indonesia,1988,1,,148177096.0,
IDN,Indonesia,1992,5,,182159874.0,
IDN,Indonesia,1996,4,,182159874.0,
IDN,Indonesia,2000,6,,214072421.0,
IDN,Indonesia,2004,4,,214072421.0,
IDN,Indonesia,2008,6,,214072421.0,
IDN,Indonesia,2012,3,,244016173.0,
IDN,Indonesia,2016,3,,259091970.0,
IDN,Indonesia,2020,5,,271857970.0,
IDN,Indonesia,2024,3,,,
IND,India,1900,2,,,
IND,India,1928,1,,,
IND,India,1932,1,,,
IND,India,1936,1,,,
IND,India,1948,1,,,
IND,India,1952,2,,,
IND,India,1956,1,,,
IND,India,1960,1,37029883875.0,,
IND,India,1964,1,56480289941.0,,
IND,India,1968,1,53085455871.0,,
IND,India,1972,1,71463193830.0,,
IND,India,1980,1,186000000000.0,696828385.0,266.923684516669
IND,India,1996,1,393000000000.0,870452165.0,451.48948535270745
IND,India,2000,1,468000000000.0,1059633675.0,441.6620677896066
IND,India,2004,1,709000000000.0,1059633675.0,669.0991582539126
IND,India,2008,3,1200000000000.0,1059633675.0,1132.466840486171
IND,India,2012,6,1830000000000.0,1240613620.0,1475.076502867992
IND,India,2016,2,2290000000000.0,1322866505.0,1731.0892605902059
IND,India,2020,7,2660000000000.0,1396387127.0,1904.915870797769
IND,India,2024,6,,,
IRL,Ireland,1928,1,,,
IRL,Ireland,1932,2,,,
IRL,Ireland,1952,1,,,
IRL,Ireland,1956,5,,,
IRL,Ireland,1964,1,2766608946.0,,
IRL,Ireland,1980,2,21747855640.0,3391387.0,6412.672938830042
IRL,Ireland,1984,1,20106648455.0,3391387.0,5928.739024770691
IRL,Ireland,1992,2,55918538121.0,3485374.0,16043.769799453374
IRL,Ireland,1996,4,75790786290.0,3485374.0,21745.38121016568
IRL,Ireland,2000,1,99958806891.0,3768950.0,26521.65905384789
IRL,Ireland,2008,3,274000000000.0,3768950.0,72699.29290651242
IRL,Ireland,2012,6,226000000000.0,4524585.0,49949.332369709045
IRL,Ireland,2016,2,299000000000.0,4665760.0,64083.879153664144
IRL,Ireland,2020,4,426000000000.0,4946119.0,86128.13399758477
IRL,Ireland,2024,7,,,
IRN,Islamic Republic of Iran,1948,1,,,
IRN,Islamic Republic of Iran,1952,7,,,
IRN,Islamic Republic of Iran,1956,5,,,
IRN,Islamic Republic of Iran,1960,4,,,
IRN,Islamic Republic of Iran,1964,2,,,
IRN,Islamic Republic of Iran,1968,5,,,
IRN,Islamic Republic of Iran,1972,3,,,
IRN,Islamic Republic of Iran,1976,2,,,
IRN,Islamic Republic of Iran,1988,1,,38520664.0,
IRN,Islamic Republic of Iran,1992,3,,55793629.0,
IRN,Islamic Republic of Iran,1996,3,,55793629.0,
IRN,Islamic Republic of Iran,2000,4,,65544383.0,
IRN,Islamic Republic of Iran,2004,6,,65544383.0,
IRN,Islamic Republic of Iran,2008,2,,65544383.0,
IRN,Islamic Republic of Iran,2012,13,,75373855.0,
IRN,Islamic Republic of Iran,2016,8,,81790841.0,
IRN,Islamic Republic of Iran,2020,7,,87290193.0,
IRN,Islamic Republic of Iran,2024,12,,,
IRQ,Iraq,1960,1,,,
ISL,Iceland,1956,1,,,
ISL,Iceland,1984,1,2864441356.0,228263.0,12548.864055935477
ISL,Iceland,2000,1,9025660362.0,281462.0,32067.065401368567
ISL,Iceland,2008,1,18074622987.0,281462.0,64216.92088807726
ISR,Israel,1992,2,,4803254.0,
ISR,Israel,1996,1,,4803254.0,
ISR,Israel,2000,1,,6116958.0,
ISR,Israel,2004,2,,6116958.0,
ISR,Israel,2008,1,,6116958.0,
ISR,Israel,2016,2,,8007778.0,
ISR,Israel,2020,4,,8757489.0,
ISR,Israel,2024,7,,,
ITA,Italy,1900,4,,,
ITA,Italy,1908,4,,,
ITA,Italy,1912,6,,,
ITA,Italy,1920,23,,,
ITA,Italy,1924,16,,,
ITA,Italy,1928,19,,,
ITA,Italy,1932,36,,,
ITA,Italy,1936,22,,,
ITA,Italy,1948,27,,,
ITA,Italy,1952,21,,,
ITA,Italy,1956,22,,,
ITA,Italy,1960,36,40385288344.0,,
ITA,Italy,1964,27,63175417019.0,,
ITA,Italy,1968,16,87942231678.0,,
ITA,Italy,1972,18,145000000000.0,,
ITA,Italy,1976,13,225000000000.0,,
ITA,Italy,1980,15,477000000000.0,56329482.0,8468.034554267693
ITA,Italy,1984,32,438000000000.0,56329482.0,7775.679527818133
ITA,Italy,1988,14,892000000000.0,56329482.0,15835.402143410443
ITA,Italy,1992,19,1320000000000.0,56756561.0,23257.223072412722
ITA,Italy,1996,35,1310000000000.0,56756561.0,23081.031988530805
ITA,Italy,2000,34,1140000000000.0,56966397.0,20011.79748124144
ITA,Italy,2004,32,1800000000000.0,56966397.0,31597.57497038122
ITA,Italy,2008,27,2400000000000.0,56966397.0,42130.0999605083
ITA,Italy,2012,28,2090000000000.0,59822450.0,34936.71690143082
ITA,Italy,2016,28,1880000000000.0,60232906.0,31212.174953006583
ITA,Italy,2020,40,1890000000000.0,59500579.0,31764.39678007167
ITA,Italy,2024,40,,,
JAM,Jamaica,1948,3,,,
JAM,Jamaica,1952,5,,,
JAM,Jamaica,1968,1,1083883355.0,,
JAM,Jamaica,1972,1,1875048860.0,,
JAM,Jamaica,1976,2,2966010230.0,,
JAM,Jamaica,1980,3,2679409453.0,2135546.0,1254.6718511331528
JAM,Jamaica,1984,3,2373566957.0,2135546.0,1111.4567220748231
JAM,Jamaica,1988,2,3828310735.0,2135546.0,1792.6613311068925
JAM,Jamaica,1992,4,3535460090.0,2392030.0,1478.0166176845607
JAM,Jamaica,1996,6,7393883555.0,2392030.0,3091.0496753803254
JAM,Jamaica,2000,9,9005064475.0,2612205.0,3447.3038965165442
JAM,Jamaica,2004,5,10174664854.0,2612205.0,3895.0483801998694
JAM,Jamaica,2008,10,13709402085.0,2612205.0,5248.210643881319
JAM,Jamaica,2012,12,14807086889.0,2733896.0,5416.111984142776
JAM,Jamaica,2016,11,14077109397.0,2794445.0,5037.533176355233
JAM,Jamaica,2020,9,13812425037.0,2820436.0,4897.2658968329715
JAM,Jamaica,2024,6,,,
JOR,Jordan,2016,1,,9494246.0,
JOR,Jordan,2020,2,,10928721.0,
JOR,Jordan,2024,1,,,
JPN,Japan,1920,2,,,
JPN,Japan,1924,1,,,
JPN,Japan,1928,5,,,
JPN,Japan,1932,18,,,
JPN,Japan,1936,18,,,
JPN,Japan,1952,9,,,
JPN,Japan,1956,19,,,
JPN,Japan,1960,18,44307342950.0,,
JPN,Japan,1964,29,81749006382.0,,
JPN,Japan,1968,25,147000000000.0,,
JPN,Japan,1972,29,318000000000.0,,
JPN,Japan,1976,25,586000000000.0,,
JPN,Japan,1984,32,1320000000000.0,117624196.0,11222.180851293555
JPN,Japan,1988,14,3070000000000.0,117624196.0,26100.072131417586
JPN,Japan,1992,22,3910000000000.0,123686321.0,31612.226545245856
JPN,Japan,1996,14,4920000000000.0,123686321.0,39778.04465539888
JPN,Japan,2000,18,4970000000000.0,126803861.0,39194.39014558082
JPN,Japan,2004,37,4890000000000.0,126803861.0,38563.49452955538
JPN,Japan,2008,25,5110000000000.0,126803861.0,40298.45747362535
JPN,Japan,2012,38,6270000000000.0,128105431.0,48944.0607713189
JPN,Japan,2016,41,5000000000000.0,127250933.0,39292.44275167711
JPN,Japan,2020,57,5060000000000.0,125244761.0,40400.89149916618
JPN,Japan,2024,45,,,
KAZ,Kazakhstan,1996,11,,16866563.0,
KAZ,Kazakhstan,2000,7,,15236253.0,
KAZ,Kazakhstan,2004,8,,15236253.0,
KAZ,Kazakhstan,2008,9,,15236253.0,
KAZ,Kazakhstan,2012,11,,16627837.0,
KAZ,Kazakhstan,2016,18,,17835909.0,
KAZ,Kazakhstan,2020,8,,18979243.0,
KAZ,Kazakhstan,2024,7,,,
KEN,Kenya,1964,1,998759333.6,,
KEN,Kenya,1968,9,1353295458.0,,
KEN,Kenya,1972,9,2107279157.0,,
KEN,Kenya,1984,3,6191437070.0,16187124.0,382.4914833543006
KEN,Kenya,1988,9,8355380879.0,16187124.0,516.1745149416289
KEN,Kenya,1992,8,8209129172.0,23162269.0,354.4181777700622
KEN,Kenya,1996,8,12045858436.0,23162269.0,520.0638346787182
KEN,Kenya,2000,7,12705357103.0,30851606.0,411.821579174841
KEN,Kenya,2004,7,16095337094.0,30851606.0,521.7017582164118
KEN,Kenya,2008,16,35895153328.0,30851606.0,1163.477626675253
KEN,Kenya,2012,12,56396706006.0,41517895.0,1358.3710350922174
KEN,Kenya,2016,13,74815121315.0,46851488.0,1596.856887768431
KEN,Kenya,2020,10,101000000000.0,51985780.0,1942.8389840452523
KEN,Kenya,2024,11,,,
KGZ,Kyrgyzstan,2000,1,,4935182.0,
KGZ,Kyrgyzstan,2008,3,,4935182.0,
KGZ,Kyrgyzstan,2020,3,,6424874.0,
KGZ,Kyrgyzstan,2024,6,,,
KOR,Republic of Korea,1948,2,,,
KOR,Republic of Korea,1952,2,,,
KOR,Republic of Korea,1956,2,,,
KOR,Republic of Korea,1964,3,3458939358.0,,
KOR,Republic of Korea,1968,2,6119284294.0,,
KOR,Republic of Korea,1972,1,10862327878.0,,
KOR,Republic of Korea,1976,6,29902479339.0,,
KOR,Republic of Korea,1984,19,97510235986.0,38170501.0,2554.596702464031
KOR,Republic of Korea,1988,33,200000000000.0,38170501.0,5239.648282321471
KOR,Republic of Korea,1992,29,356000000000.0,44120039.0,8068.895859316896
KOR,Republic of Korea,1996,27,610000000000.0,44120039.0,13825.917062312661
KOR,Republic of Korea,2000,28,576000000000.0,46788591.0,12310.693433790302
KOR,Republic of Korea,2004,30,793000000000.0,46788591.0,16948.57620311755
KOR,Republic of Korea,2008,32,1050000000000.0,46788591.0,22441.368238680236
KOR,Republic of Korea,2012,31,1280000000000.0,48813042.0,26222.50012609335
KOR,Republic of Korea,2016,21,1500000000000.0,50994401.0,29414.99401081307
KOR,Republic of Korea,2020,20,1640000000000.0,51844690.0,31632.94061551916
KOR,Republic of Korea,2024,32,,,
KWT,Kuwait,2000,1,,1934901.0,
KWT,Kuwait,2012,1,,2943356.0,
KWT,Kuwait,2020,1,,4360444.0,
LBN,Lebanon,1952,2,,,
LBN,Lebanon,1972,1,,,
LBN,Lebanon,1980,1,,2963702.0,
LTU,Lithuania,1992,2,,3785847.0,
LTU,Lithuania,1996,1,,3785847.0,
LTU,Lithuania,2000,5,,3599637.0,
LTU,Lithuania,2004,3,,3599637.0,
LTU,Lithuania,2008,5,,3599637.0,
LTU,Lithuania,2012,5,,3139019.0,
LTU,Lithuania,2016,4,,2963765.0,
LTU,Lithuania,2020,1,,2820267.0,
LTU,Lithuania,2024,4,,,
LUX,Luxembourg,1900,1,,,
LUX,Luxembourg,1920,1,,,
LUX,Luxembourg,1952,1,,,
MAR,Morocco,1960,1,2037150716.0,,
MAR,Morocco,1984,2,14824728528.0,19678444.0,753.348614758362
MAR,Morocco,1988,3,25705296184.0,19678444.0,1306.266704013793
MAR,Morocco,1992,3,33711069431.0,24570814.0,1371.9964438703578
MAR,Morocco,1996,2,43161452678.0,24570814.0,1756.614684316116
MAR,Morocco,2000,5,38857251336.0,28554415.0,1360.8141275526043
MAR,Morocco,2004,3,59626020162.0,28554415.0,2088.1541492620318
MAR,Morocco,2008,2,92507257784.0,28554415.0,3239.6831727773097
MAR,Morocco,2012,1,98266306615.0,32464865.0,3026.8509237601943
MAR,Morocco,2016,1,103000000000.0,34680458.0,2969.972311207655
MAR,Morocco,2020,1,115000000000.0,36688772.0,3134.473947506338
MAR,Morocco,2024,2,,,
MEX,Mexico,1932,2,,,
MEX,Mexico,1936,3,,,
MEX,Mexico,1948,5,,,
MEX,Mexico,1952,1,,,
MEX,Mexico,1956,2,,,
MEX,Mexico,1960,1,13040000000.0,,
MEX,Mexico,1964,1,20080000000.0,,
MEX,Mexico,1968,9,29360000000.0,,
MEX,Mexico,1972,1,45200000000.0,,
MEX,Mexico,1976,2,89025974026.0,,
MEX,Mexico,1980,4,205000000000.0,67705186.0,3027.8330525522815
MEX,Mexico,1984,6,184000000000.0,67705186.0,2717.6647886322917
MEX,Mexico,1988,2,182000000000.0,67705186.0,2688.1249539732453
MEX,Mexico,1992,1,363000000000.0,81720428.0,4441.973798766693
MEX,Mexico,1996,1,411000000000.0,81720428.0,5029.342234967247
MEX,Mexico,2000,6,708000000000.0,97873442.0,7233.831625130748
MEX,Mexico,2004,4,782000000000.0,97873442.0,7989.910071825205
MEX,Mexico,2008,4,1110000000000.0,97873442.0,11341.17670041685
MEX,Mexico,2012,8,1200000000000.0,112532401.0,10663.595456387711
MEX,Mexico,2016,5,1080000000000.0,120149897.0,8988.771750674077
MEX,Mexico,2020,4,1070000000000.0,125998302.0,8492.177934270892
MEX,Mexico,2024,5,,,
NGA,Nigeria,1964,1,5552822484.0,,
NGA,Nigeria,1972,1,12274416018.0,,
NGA,Nigeria,1984,2,73484359521.0,72951439.0,1007.3051406292342
NGA,Nigeria,1992,4,47794925815.0,95214257.0,501.9723654935416
NGA,Nigeria,1996,6,51075815093.0,95214257.0,536.4303277921919
NGA,Nigeria,2000,3,69448756933.0,122851984.0,565.3043172098874
NGA,Nigeria,2004,2,136000000000.0,122851984.0,1107.0232288637683
NGA,Nigeria,2008,5,339000000000.0,122851984.0,2759.418195476599
NGA,Nigeria,2016,1,405000000000.0,183995785.0,2201.13737931551
NGA,Nigeria,2020,2,432000000000.0,208327405.0,2073.6590080407327
NLD,Netherlands,1900,5,,,
NLD,Netherlands,1908,2,,,
NLD,Netherlands,1912,3,,,
NLD,Netherlands,1920,11,,,
NLD,Netherlands,1924,10,,,
NLD,Netherlands,1928,19,,,
NLD,Netherlands,1932,7,,,
NLD,Netherlands,1936,15,,,
NLD,Netherlands,1948,16,,,
NLD,Netherlands,1952,5,,,
NLD,Netherlands,1960,3,12276734172.0,,
NLD,Netherlands,1964,10,18699380731.0,,
NLD,Netherlands,1968,7,27817605743.0,,
NLD,Netherlands,1972,5,54706557264.0,,
NLD,Netherlands,1976,5,109000000000.0,,
NLD,Netherlands,1980,3,195000000000.0,14130387.0,13800.04666538857
NLD,Netherlands,1984,13,144000000000.0,14130387.0,10190.803691363868
NLD,Netherlands,1988,9,262000000000.0,14130387.0,18541.601160675924
NLD,Netherlands,1992,15,363000000000.0,14944548.0,24289.794512353266
NLD,Netherlands,1996,19,450000000000.0,14944548.0,30111.315511181736
NLD,Netherlands,2000,25,416000000000.0,15899135.0,26164.945451434938
NLD,Netherlands,2004,22,657000000000.0,15899135.0,41323.002792290274
NLD,Netherlands,2008,16,948000000000.0,15899135.0,59625.885307596924
NLD,Netherlands,2012,20,839000000000.0,16617116.0,50490.10911400029
NLD,Netherlands,2016,19,784000000000.0,17041107.0,46006.400875248306
NLD,Netherlands,2020,36,914000000000.0,17434557.0,52424.61853203382
NLD,Netherlands,2024,34,,,
NOR,Norway,1900,5,,,
NOR,Norway,1904,2,,,
NOR,Norway,1908,8,,,
NOR,Norway,1912,11,,,
NOR,Norway,1920,28,,,
NOR,Norway,1924,10,,,
NOR,Norway,1928,3,,,
NOR,Norway,1936,6,,,
NOR,Norway,1948,7,,,
NOR,Norway,1952,5,,,
NOR,Norway,1956,3,,,
NOR,Norway,1960,1,5163271598.0,,
NOR,Norway,1968,2,10159934137.0,,
NOR,Norway,1972,4,17358610850.0,,
NOR,Norway,1976,2,35942270686.0,,
NOR,Norway,1984,3,62057955033.0,4085776.0,15188.780548174936
NOR,Norway,1988,5,102000000000.0,4085776.0,24964.65787649641
NOR,Norway,1992,7,131000000000.0,4241636.0,30884.30973331988
NOR,Norway,1996,7,164000000000.0,4241636.0,38664.32668904168
NOR,Norway,2000,10,171000000000.0,4491202.0,38074.439760224544
NOR,Norway,2004,6,265000000000.0,4491202.0,59004.248751225176
NOR,Norway,2008,9,462000000000.0,4491202.0,102867.78461534351
NOR,Norway,2012,4,510000000000.0,4889741.0,104300.00280178439
NOR,Norway,2016,4,369000000000.0,5190356.0,71093.38935518103
NOR,Norway,2020,8,362000000000.0,5379839.0,67288.25899808526
NOR,Norway,2024,8,,,
NZL,New Zealand,1920,1,,,
NZL,New Zealand,1924,1,,,
NZL,New Zealand,1928,1,,,
NZL,New Zealand,1932,1,,,
NZL,New Zealand,1936,1,,,
NZL,New Zealand,1952,3,,,
NZL,New Zealand,1956,2,,,
NZL,New Zealand,1960,3,,,
NZL,New Zealand,1964,5,,,
NZL,New Zealand,1968,3,,,
NZL,New Zealand,1972,3,,,
NZL,New Zealand,1976,4,,,
NZL,New Zealand,1984,11,,3147168.0,
NZL,New Zealand,1988,13,,3147168.0,
NZL,New Zealand,1992,10,,3397389.0,
NZL,New Zealand,1996,6,,3397389.0,
NZL,New Zealand,2000,4,,3855266.0,
NZL,New Zealand,2004,5,,3855266.0,
NZL,New Zealand,2008,9,,3855266.0,
NZL,New Zealand,2012,13,,4346338.0,
NZL,New Zealand,2016,18,,4590590.0,
NZL,New Zealand,2020,20,,5061133.0,
NZL,New Zealand,2024,20,,,
PAK,Pakistan,1956,1,,,
PAK,Pakistan,1960,2,3749265015.0,,
PAK,Pakistan,1964,1,5204955901.0,,
PAK,Pakistan,1968,1,8041999160.0,,
PAK,Pakistan,1972,1,9415016360.0,,
PAK,Pakistan,1976,1,13168080808.0,,
PAK,Pakistan,1984,1,31151825467.0,80624057.0,386.38374979071074
PAK,Pakistan,1988,1,38472742808.0,80624057.0,477.1868873827572
PAK,Pakistan,1992,1,48884606848.0,115414069.0,423.558473170199
PAK,Pakistan,2024,1,,,
PAN,Panama,1948,2,,,
PAN,Panama,2008,1,25155888616.0,3001731.0,8380.46067952125
PAN,Panama,2024,1,,,
PHL,Philippines,1928,1,,,
PHL,Philippines,1932,3,,,
PHL,Philippines,1936,1,,,
PHL,Philippines,1964,1,5953766854.0,,
PHL,Philippines,1988,1,43152077817.0,48419546.0,891.2119460393124
PHL,Philippines,1992,1,60422309297.0,61558898.0,981.5365651444897
PHL,Philippines,1996,1,94648084429.0,61558898.0,1537.520772853991
PHL,Philippines,2016,1,319000000000.0,103031365.0,3096.1445575335238
PHL,Philippines,2020,4,361000000000.0,112190977.0,3217.72757179929
PHL,Philippines,2024,4,,,
POL,Poland,1924,2,,,
POL,Poland,1928,5,,,
POL,Poland,1932,7,,,
POL,Poland,1936,6,,,
POL,Poland,1948,1,,,
POL,Poland,1952,4,,,
POL,Poland,1956,9,,,
POL,Poland,1960,21,,,
POL,Poland,1964,23,,,
POL,Poland,1968,18,,,
POL,Poland,1972,21,,,
POL,Poland,1976,26,,,
POL,Poland,1980,32,,35521429.0,
POL,Poland,1988,16,,35521429.0,
POL,Poland,1992,19,,38064255.0,
POL,Poland,1996,17,,38064255.0,
POL,Poland,2000,14,,38504431.0,
POL,Poland,2004,10,,38504431.0,
POL,Poland,2008,11,,38504431.0,
POL,Poland,2012,11,,38597353.0,
POL,Poland,2016,11,,38553146.0,
POL,Poland,2020,14,,38428366.0,
POL,Poland,2024,10,,,
PRI,Puerto Rico,1948,1,,,
PRI,Puerto Rico,1976,1,8968600000.0,,
PRI,Puerto Rico,1984,2,19162600000.0,3214568.0,5961.174254207719
PRI,Puerto Rico,1992,1,34630430000.0,3543776.0,9772.183682038594
PRI,Puerto Rico,1996,1,45340835000.0,3543776.0,12794.498015675934
PRI,Puerto Rico,2012,2,102000000000.0,3717922.0,27434.679909906663
PRI,Puerto Rico,2016,1,104000000000.0,3497335.0,29736.92826109023
PRI,Puerto Rico,2020,1,103000000000.0,3271564.0,31483.412826403517
PRI,Puerto Rico,2024,2,,,
PRT,Portugal,1924,1,,,
PRT,Portugal,1928,1,,,
PRT,Portugal,1936,1,,,
PRT,Portugal,1948,2,,,
PRT,Portugal,1952,1,,,
PRT,Portugal,1960,1,3193200404.0,,
PRT,Portugal,1976,2,20332831565.0,,
PRT,Portugal,1984,3,25217969050.0,9785252.0,2577.1404814101875
PRT,Portugal,1988,1,56347250696.0,9785252.0,5758.385240972843
PRT,Portugal,1996,2,123000000000.0,10007346.0,12290.971052664712
PRT,Portugal,2000,2,118000000000.0,10300626.0,11455.614445180323
PRT,Portugal,2004,3,189000000000.0,10300626.0,18348.399407958314
PRT,Portugal,2008,2,262000000000.0,10300626.0,25435.347327434276
PRT,Portugal,2012,1,216000000000.0,10588401.0,20399.68074499634
PRT,Portugal,2016,1,206000000000.0,10365435.0,19873.743841913052
PRT,Portugal,2020,4,229000000000.0,10298192.0,22236.9130426001
PRT,Portugal,2024,4,,,
PRY,Paraguay,2004,1,,5123819.0,
ROU,Romania,1924,1,,,
ROU,Romania,1936,1,,,
ROU,Romania,1952,4,,,
ROU,Romania,1956,13,,,
ROU,Romania,1960,10,,,
ROU,Romania,1964,12,,,
ROU,Romania,1968,15,,,
ROU,Romania,1972,16,,,
ROU,Romania,1976,27,,,
ROU,Romania,1980,25,,22125224.0,
ROU,Romania,1984,53,,22125224.0,
ROU,Romania,1988,24,,22125224.0,
ROU,Romania,1992,18,,22836234.0,
ROU,Romania,1996,20,,22836234.0,
ROU,Romania,2000,26,,21919876.0,
ROU,Romania,2004,19,,21919876.0,
ROU,Romania,2008,9,,21919876.0,
ROU,Romania,2012,9,,20335211.0,
ROU,Romania,2016,4,,19906079.0,
ROU,Romania,2020,4,,19442038.0,
ROU,Romania,2024,9,,,
RUS,Russian Federation,1908,3,,,
RUS,Russian Federation,1912,6,,,
RUS,Russian Federation,1996,63,,148005704.0,
RUS,Russian Federation,2000,89,,146844839.0,
RUS,Russian Federation,2004,90,,146844839.0,
RUS,Russian Federation,2008,60,,146844839.0,
RUS,Russian Federation,2012,66,,143242599.0,
RUS,Russian Federation,2016,56,,144668389.0,
SAU,Saudi Arabia,2000,2,,21547390.0,
SAU,Saudi Arabia,2012,1,,29411929.0,
SAU,Saudi Arabia,2020,1,,35997107.0,
SDN,Sudan,2008,1,64831935604.0,26298773.0,2465.2076202946805
SEN,Senegal,1988,1,6418419798.0,5703869.0,1125.2747561348272
SGP,Singapore,1960,1,704756304.7,,
SGP,Singapore,2008,1,194000000000.0,4053602.0,47858.66989408432
SGP,Singapore,2012,2,295000000000.0,5163590.0,57130.79466030417
SGP,Singapore,2016,1,319000000000.0,5650018.0,56459.99711859325
SGP,Singapore,2024,1,,,
SMR,San Marino,2020,3,,34007.0,
SVK,Slovakia,1996,3,,5261305.0,
SVK,Slovakia,2000,5,,5376690.0,
SVK,Slovakia,2004,6,,5376690.0,
SVK,Slovakia,2008,6,,5376690.0,
SVK,Slovakia,2012,4,,5396424.0,
SVK,Slovakia,2016,4,,5424444.0,
SVK,Slovakia,2020,4,,5456681.0,
SVK,Slovakia,2024,1,,,
SWE,Sweden,1900,1,,,
SWE,Sweden,1908,25,,,
SWE,Sweden,1912,65,,,
SWE,Sweden,1920,61,,,
SWE,Sweden,1924,29,,,
SWE,Sweden,1928,24,,,
SWE,Sweden,1932,23,,,
SWE,Sweden,1936,18,,,
SWE,Sweden,1948,44,,,
SWE,Sweden,1952,33,,,
SWE,Sweden,1956,16,,,
SWE,Sweden,1960,6,15822585034.0,,
SWE,Sweden,1964,8,22532416750.0,,
SWE,Sweden,1968,4,31066819929.0,,
SWE,Sweden,1972,16,48954145809.0,,
SWE,Sweden,1976,5,89362071673.0,,
SWE,Sweden,1980,12,142000000000.0,8311763.0,17084.221482253524
SWE,Sweden,1984,19,109000000000.0,8311763.0,13113.944658912917
SWE,Sweden,1988,11,207000000000.0,8311763.0,24904.46371004563
SWE,Sweden,1992,12,284000000000.0,8548406.0,33222.56804367972
SWE,Sweden,1996,8,292000000000.0,8548406.0,34158.41503082563
SWE,Sweden,2000,12,263000000000.0,8871043.0,29647.021212725493
SWE,Sweden,2004,7,385000000000.0,8871043.0,43399.63181330538
SWE,Sweden,2008,5,518000000000.0,8871043.0,58392.231894265424
SWE,Sweden,2012,8,552000000000.0,9381729.0,58837.76860320736
SWE,Sweden,2016,11,516000000000.0,9849349.0,52389.24927931785
SWE,Sweden,2020,9,541000000000.0,10368969.0,52174.90764993125
SWE,Sweden,2024,11,,,
SYR,Syrian Arab Republic,1984,1,,8898954.0,
SYR,Syrian Arab Republic,1996,1,,12408996.0,
SYR,Syrian Arab Republic,2004,1,,16307654.0,
SYR,Syrian Arab Republic,2020,1,,20772595.0,
THA,Thailand,1976,1,16985211146.0,,
THA,Thailand,1984,1,41797592963.0,45737753.0,913.8532223697129
THA,Thailand,1988,1,61667199835.0,45737753.0,1348.2778621634518
THA,Thailand,1992,1,111000000000.0,55228410.0,2009.8351554933413
THA,Thailand,1996,2,183000000000.0,55228410.0,3313.5120131106437
THA,Thailand,2000,3,126000000000.0,63066603.0,1997.8878519903792
THA,Thailand,2004,8,173000000000.0,63066603.0,2743.1317332883777
THA,Thailand,2008,6,291000000000.0,63066603.0,4614.169562930161
THA,Thailand,2012,4,398000000000.0,68270489.0,5829.7517101422845
THA,Thailand,2016,6,413000000000.0,70294397.0,5875.290458782938
THA,Thailand,2020,2,502000000000.0,71475664.0,7023.369520568567
THA,Thailand,2024,6,,,
TJK,Tajikistan,2008,2,,6272998.0,
TJK,Tajikistan,2012,1,,7621779.0,
TJK,Tajikistan,2016,1,,8524063.0,
TJK,Tajikistan,2024,3,,,
TUR,Turkey,1936,2,,,
TUR,Türkiye,1936,2,,,
TUR,Turkey,1948,12,,,
TUR,Türkiye,1948,12,,,
TUR,Turkey,1952,3,,,
TUR,Türkiye,1952,3,,,
TUR,Turkey,1956,7,,,
TUR,Türkiye,1956,7,,,
TUR,Turkey,1960,9,13995067818.0,,
TUR,Türkiye,1960,9,13995067818.0,,
TUR,Turkey,1964,6,11177777778.0,,
TUR,Türkiye,1964,6,11177777778.0,,
TUR,Turkey,1968,2,17500000000.0,,
TUR,Türkiye,1968,2,17500000000.0,,
TUR,Turkey,1972,1,20431095406.0,,
TUR,Türkiye,1972,1,20431095406.0,,
TUR,Turkey,1984,3,59989909458.0,44089069.0,1360.6526701210225
TUR,Türkiye,1984,3,59989909458.0,44089069.0,1360.6526701210225
TUR,Turkey,1988,2,90852814005.0,44089069.0,2060.6652865588976
TUR,Türkiye,1988,2,90852814005.0,44089069.0,2060.6652865588976
TUR,Turkey,1992,6,158000000000.0,54324142.0,2908.4674728963046
TUR,Türkiye,1992,6,158000000000.0,54324142.0,2908.4674728963046
TUR,Turkey,1996,6,181000000000.0,54324142.0,3331.8519784445007
TUR,Türkiye,1996,6,181000000000.0,54324142.0,3331.8519784445007
TUR,Turkey,2000,5,274000000000.0,64113547.0,4273.6677788237175
TUR,Türkiye,2000,5,274000000000.0,64113547.0,4273.6677788237175
TUR,Turkey,2004,10,409000000000.0,64113547.0,6379.307012915695
TUR,Türkiye,2004,10,409000000000.0,64113547.0,6379.307012915695
TUR,Turkey,2008,5,770000000000.0,64113547.0,12009.942298154241
TUR,Türkiye,2008,5,770000000000.0,64113547.0,12009.942298154241
TUR,Turkey,2012,3,881000000000.0,73195345.0,12036.284547876645
TUR,Türkiye,2012,3,881000000000.0,73195345.0,12036.284547876645
TUR,Turkey,2016,8,870000000000.0,79646178.0,10923.311348348692
TUR,Türkiye,2016,8,870000000000.0,79646178.0,10923.311348348692
TUR,Turkey,2020,13,720000000000.0,84135428.0,8557.63163170692
TUR,Türkiye,2020,13,720000000000.0,84135428.0,8557.63163170692
TUR,Turkey,2024,8,,,
TUR,Türkiye,2024,8,,,
TWN,Chinese Taipei,1960,1,,,
TWN,Chinese Taipei,1968,1,,,
TWN,Chinese Taipei,1984,1,,18100281.0,
TWN,Chinese Taipei,1992,1,,20586174.0,
TWN,Chinese Taipei,1996,1,,20586174.0,
TWN,Chinese Taipei,2000,5,,22194731.0,
TWN,Chinese Taipei,2004,5,,22194731.0,
TWN,Chinese Taipei,2008,4,,22194731.0,
TWN,Chinese Taipei,2012,2,,23083083.0,
TWN,Chinese Taipei,2016,3,,23512136.0,
TWN,Chinese Taipei,2020,12,,23821464.0,
TWN,Chinese Taipei,2024,7,,,
UKR,Ukraine,1996,23,,51589817.0,
UKR,Ukraine,2000,23,,48879755.0,
UKR,Ukraine,2004,22,,48879755.0,
UKR,Ukraine,2008,22,,48879755.0,
UKR,Ukraine,2012,19,,45683020.0,
UKR,Ukraine,2016,11,,44982564.0,
UKR,Ukraine,2020,19,,43909666.0,
UKR,Ukraine,2024,12,,,
URY,Uruguay,1924,1,,,
URY,Uruguay,1928,1,,,
URY,Uruguay,1932,1,,,
URY,Uruguay,1948,2,,,
URY,Uruguay,1952,2,,,
URY,Uruguay,1956,1,,,
URY,Uruguay,1964,1,1975701816.0,,
URY,Uruguay,2000,1,22823255802.0,3292224.0,6932.473550402403
USA,United States of America,1896,20,,,
USA,United States of America,1900,48,,,
USA,United States of America,1904,231,,,
USA,United States of America,1908,47,,,
USA,United States of America,1912,63,,,
USA,United States of America,1920,93,,,
USA,United States of America,1924,99,,,
USA,United States of America,1928,56,,,
USA,United States of America,1932,103,,,
USA,United States of America,1936,55,,,
USA,United States of America,1948,84,,,
USA,United States of America,1952,75,,,
USA,United States of America,1956,74,,,
USA,United States of America,1960,71,543000000000.0,,
USA,United States of America,1964,90,686000000000.0,,
USA,United States of America,1968,107,943000000000.0,,
USA,United States of America,1972,94,1280000000000.0,,
USA,United States of America,1976,94,1870000000000.0,,
USA,United States of America,1984,174,4040000000000.0,223140018.0,18105.22395852814
USA,United States of America,1988,94,5240000000000.0,223140018.0,23483.013253140456
USA,United States of America,1992,108,6520000000000.0,248083732.0,26281.449200385297
USA,United States of America,1996,101,8070000000000.0,248083732.0,32529.33973115174
USA,United States of America,2000,93,10300000000000.0,282398554.0,36473.27457632803
USA,United States of America,2004,101,12200000000000.0,282398554.0,43201.35435254389
USA,United States of America,2008,112,14700000000000.0,282398554.0,52054.09090019632
USA,United States of America,2012,104,16200000000000.0,311182845.0,52059.42506245805
USA,United States of America,2016,121,18700000000000.0,324607776.0,57607.98533674067
USA,United States of America,2020,113,21000000000000.0,335942003.0,62510.78999490278
USA,United States of America,2024,126,,,
VEN,Venezuela,1952,1,,,
VEN,Venezuela,1960,1,,,
VEN,Venezuela,1968,1,,,
VEN,Venezuela,1976,1,,,
VEN,Venezuela,1980,1,,15210443.0,
VEN,Venezuela,1984,3,,15210443.0,
VEN,Venezuela,2004,2,,24427729.0,
VEN,Venezuela,2008,1,,24427729.0,
VEN,Venezuela,2012,1,,28715022.0,
VEN,Venezuela,2016,3,,30529716.0,
VEN,Venezuela,2020,4,,28490453.0,
VNM,Vietnam,2000,1,,79001142.0,
VNM,Vietnam,2008,1,,79001142.0,
VNM,Vietnam,2016,2,,92191398.0,
ZAF,South Africa,1908,2,,,
ZAF,South Africa,1912,6,,,
ZAF,South Africa,1920,10,,,
ZAF,South Africa,1924,3,,,
ZAF,South Africa,1928,3,,,
ZAF,South Africa,1932,5,,,
ZAF,South Africa,1936,1,,,
ZAF,South Africa,1948,4,,,
ZAF,South Africa,1952,10,,,
ZAF,South Africa,1956,4,,,
ZAF,South Africa,1960,3,7575396973.0,,
ZAF,South Africa,1992,2,135000000000.0,39877570.0,3385.361745963959
ZAF,South Africa,1996,5,163000000000.0,39877570.0,4087.510848830558
ZAF,South Africa,2000,5,152000000000.0,46813266.0,3246.942864443596
ZAF,South Africa,2004,6,256000000000.0,46813266.0,5468.535350641846
ZAF,South Africa,2008,1,316000000000.0,46813266.0,6750.223323448528
ZAF,South Africa,2012,6,434000000000.0,51784921.0,8380.818037745003
ZAF,South Africa,2016,10,324000000000.0,55876504.0,5798.501638542025
ZAF,South Africa,2020,3,335000000000.0,58801927.0,5697.092205838764
ZAF,South Africa,2024,6,,,
ZWE,Zimbabwe,1980,1,6678868200.0,7049926.0,947.3671354848263
ZWE,Zimbabwe,2004,3,5805598400.0,11834676.0,490.55828820324274
ZWE,Zimbabwe,2008,4,4415702800.0,11834676.0,373.1156476104627
